timestamp,lat,lon,alt,dist_m,los,rssi_dbm,pdr_success
2026-02-14 14:09:54.058083,-25.4372099,-49.2659899,934.22802734375,0.7721177070849681,True,-11.5,True
2026-02-14 14:09:54.061815,-25.4372099,-49.265989999999995,934.2430419921875,0.7570390908387302,True,-11.5,True
2026-02-14 14:09:54.364444,-25.43721,-49.265989999999995,934.2490234375,0.7509765629411319,True,-11.5,True
2026-02-14 14:09:54.866203,-25.437210099999998,-49.265989999999995,934.2430419921875,0.7570390901930141,True,-11.5,True
2026-02-14 14:09:55.367930,-25.437210099999998,-49.265990099999996,934.237060546875,0.7630862211931536,True,-11.5,True
2026-02-14 14:09:55.869725,-25.437210099999998,-49.265989999999995,934.22802734375,0.7720521614024861,True,-11.5,True
2026-02-14 14:09:56.372291,-25.43721,-49.265989999999995,934.2190551757812,0.780944824972254,True,-11.5,True
2026-02-14 14:09:56.874601,-25.43721,-49.2659899,934.2200317382812,0.7800331419311523,True,-11.5,True
2026-02-14 14:09:57.376237,-25.43721,-49.265989999999995,934.2220458984375,0.7779541022900676,True,-11.5,True
2026-02-14 14:09:57.878278,-25.43721,-49.265989999999995,934.2230224609375,0.7769775393990279,True,-11.5,True
2026-02-14 14:09:58.380614,-25.437210099999998,-49.265990099999996,934.217041015625,0.7831020003658283,True,-11.5,True
2026-02-14 14:09:58.882408,-25.437210099999998,-49.2659899,934.217041015625,0.7831020002486734,True,-11.5,True
2026-02-14 14:09:59.383904,-25.43721,-49.2659897,934.217041015625,0.7835404827936372,True,-11.5,True
2026-02-14 14:09:59.886046,-25.43721,-49.2659897,934.218017578125,0.7825646464702667,True,-11.5,True
2026-02-14 14:10:00.388324,-25.43721,-49.2659898,934.2220458984375,0.7782142615821567,True,-11.5,True
2026-02-14 14:10:00.890501,-25.437210099999998,-49.2659898,934.2240600585938,0.7762798483235037,True,-11.5,True
2026-02-14 14:10:01.392839,-25.4372102,-49.2659899,934.2210693359375,0.7793107346268647,True,-11.5,True
2026-02-14 14:10:01.894382,-25.4372102,-49.2659899,934.2220458984375,0.7783346495185802,True,-11.5,True
2026-02-14 14:10:02.396441,-25.437210099999998,-49.265989999999995,934.22802734375,0.7720521614024861,True,-11.5,True
2026-02-14 14:10:02.898379,-25.43721,-49.265990099999996,934.2290649414062,0.771000698865665,True,-11.5,True
2026-02-14 14:10:03.400315,-25.437210099999998,-49.265989999999995,934.2320556640625,0.7680242579141184,True,-11.5,True
2026-02-14 14:10:03.902294,-25.437210099999998,-49.265989999999995,934.2400512695312,0.760029493820709,True,-11.5,True
2026-02-14 14:10:04.404335,-25.43721,-49.265989999999995,934.2430419921875,0.7569580085055165,True,-11.5,True
2026-02-14 14:10:04.906711,-25.43721,-49.265989999999995,934.248046875,0.7519531251204813,True,-11.5,True
2026-02-14 14:10:05.408527,-25.4372099,-49.265989999999995,934.2520141601562,0.7480678949094648,True,-11.5,True
2026-02-14 14:10:05.910564,-25.437209799999998,-49.2659899,934.2560424804688,0.7443554480444228,True,-11.5,True
2026-02-14 14:10:06.411772,-25.437209799999998,-49.265989999999995,934.2500610351562,0.7502662722055355,True,-11.5,True
2026-02-14 14:10:06.913689,-25.437209799999998,-49.265990099999996,934.2440185546875,0.7563730480482469,True,-11.5,True
2026-02-14 14:10:07.415460,-25.4372097,-49.265990099999996,934.2510375976562,0.7497671018014592,True,-11.5,True
2026-02-14 14:10:07.917698,-25.437209799999998,-49.265990099999996,934.2540283203125,0.7463685343686886,True,-11.5,True
2026-02-14 14:10:08.420155,-25.4372099,-49.265989999999995,934.2510375976562,0.7490443505457491,True,-11.5,True
2026-02-14 14:10:08.921364,-25.4372099,-49.2659899,934.2460327148438,0.7541157998539482,True,-11.5,True
2026-02-14 14:10:09.423256,-25.437209799999998,-49.2659898,934.2390747070312,0.7615137443664923,True,-11.5,True
2026-02-14 14:10:09.924731,-25.437209799999998,-49.2659898,934.2440185546875,0.7565737420764056,True,-11.5,True
2026-02-14 14:10:10.427269,-25.4372099,-49.2659898,934.2540283203125,0.7463252366397263,True,-11.5,True
2026-02-14 14:10:10.928991,-25.437209799999998,-49.2659898,934.2570190429688,0.7435836093234495,True,-11.5,True
2026-02-14 14:10:11.431219,-25.437209799999998,-49.2659899,934.2540283203125,0.7463685342534611,True,-11.5,True
2026-02-14 14:10:11.933007,-25.4372097,-49.2659899,934.2560424804688,0.7447676259665519,True,-11.5,True
2026-02-14 14:10:12.435399,-25.4372097,-49.2659899,934.2610473632812,0.7397682245276497,True,-11.5,True
2026-02-14 14:10:12.936948,-25.4372097,-49.2659899,934.2600708007812,0.740743711278511,True,-11.5,True
2026-02-14 14:10:13.439174,-25.437209799999998,-49.265989999999995,934.2620239257812,0.738308686066531,True,-11.5,True
2026-02-14 14:10:13.940906,-25.4372099,-49.265989999999995,934.2630615234375,0.7370217614336712,True,-11.5,True
2026-02-14 14:10:14.442747,-25.4372099,-49.2659899,934.2640380859375,0.7361140620282568,True,-11.5,True
2026-02-14 14:10:14.945236,-25.43721,-49.265989999999995,934.2610473632812,0.7389526366543231,True,-11.5,True
2026-02-14 14:10:15.446613,-25.43721,-49.265989999999995,934.2520141601562,0.7479858402589454,True,-11.5,True
2026-02-14 14:10:15.948634,-25.43721,-49.265989999999995,934.2460327148438,0.7539672858233301,True,-11.5,True
2026-02-14 14:10:16.450498,-25.43721,-49.265990099999996,934.2450561523438,0.7550108784610291,True,-11.5,True
2026-02-14 14:10:16.952423,-25.43721,-49.265990099999996,934.2450561523438,0.7550108784610291,True,-11.5,True
2026-02-14 14:10:17.454580,-25.4372099,-49.265990099999996,934.2430419921875,0.7571059353598221,True,-11.5,True
2026-02-14 14:10:17.956617,-25.4372099,-49.265989999999995,934.2400512695312,0.7600294944637231,True,-11.5,True
2026-02-14 14:10:18.458901,-25.4372099,-49.2659899,934.2330322265625,0.7671137712306398,True,-11.5,True
2026-02-14 14:10:18.960382,-25.43721,-49.2659899,934.2240600585938,0.7760051582388126,True,-11.5,True
2026-02-14 14:10:19.462349,-25.43721,-49.2659899,934.2220458984375,0.7780191501065,True,-11.5,True
2026-02-14 14:10:19.964423,-25.43721,-49.2659899,934.216064453125,0.7840000991918177,True,-11.5,True
2026-02-14 14:10:20.466409,-25.4372099,-49.265989999999995,934.2050170898438,0.7950601149224201,True,-11.5,True
2026-02-14 14:10:20.968552,-25.437209799999998,-49.265990099999996,934.2040405273438,0.7963314162006391,True,-11.5,True
2026-02-14 14:10:21.470374,-25.437209799999998,-49.265989999999995,934.2100219726562,0.7902887529784318,True,-11.5,True
2026-02-14 14:10:21.972442,-25.4372097,-49.265989999999995,934.2150268554688,0.7856765554171564,True,-11.5,True
2026-02-14 14:10:22.474404,-25.437209799999998,-49.265990099999996,934.218017578125,0.7823610101953175,True,-11.5,True
2026-02-14 14:10:22.976742,-25.437209799999998,-49.265990099999996,934.2240600585938,0.7763214766282126,True,-11.5,True
2026-02-14 14:10:23.478846,-25.437209799999998,-49.265990099999996,934.237060546875,0.7633274858082535,True,-11.5,True
2026-02-14 14:10:23.980561,-25.4372099,-49.265989999999995,934.2350463867188,0.7650338485891097,True,-11.5,True
2026-02-14 14:10:24.482642,-25.4372099,-49.265989999999995,934.22705078125,0.7730286247072579,True,-11.5,True
2026-02-14 14:10:24.984368,-25.4372099,-49.265990099999996,934.2220458984375,0.7780980377278227,True,-11.5,True
2026-02-14 14:10:25.486786,-25.4372099,-49.2659902,934.2190551757812,0.781282554447013,True,-11.5,True
2026-02-14 14:10:25.989072,-25.4372099,-49.2659902,934.2210693359375,0.7792692675662455,True,-11.5,True
2026-02-14 14:10:26.490925,-25.4372099,-49.265990099999996,934.2290649414062,0.7710803050452962,True,-11.5,True
2026-02-14 14:10:26.993228,-25.437209799999998,-49.265989999999995,934.2390747070312,0.7612478772596263,True,-11.5,True
2026-02-14 14:10:27.494955,-25.437209799999998,-49.2659898,934.2410278320312,0.7595621326347587,True,-11.5,True
2026-02-14 14:10:27.996326,-25.4372099,-49.2659898,934.2390747070312,0.7612719042404077,True,-11.5,True
2026-02-14 14:10:28.498848,-25.437209799999998,-49.2659899,934.2410278320312,0.7593622289370794,True,-11.5,True
2026-02-14 14:10:29.001099,-25.4372099,-49.265990699999996,934.3660278320312,0.6379677928130637,True,-11.5,True
2026-02-14 14:10:29.503041,-25.4372096,-49.265991899999996,934.7140502929688,0.34679854951519873,True,-11.5,True
2026-02-14 14:10:30.036678,-25.437209499999998,-49.2659921,935.2040405273438,0.2988919383000136,True,-11.5,True
2026-02-14 14:10:30.507566,-25.43721,-49.2659917,935.6190185546875,0.642210656230663,True,-11.5,True
2026-02-14 14:10:31.009390,-25.4372108,-49.2659911,936.0070190429688,1.016951608207136,True,-11.23,True
2026-02-14 14:10:31.511312,-25.4372111,-49.2659902,936.341064453125,1.346741369374478,True,-11.29,True
2026-02-14 14:10:32.013315,-25.4372111,-49.2659893,936.6110229492188,1.6171604674712121,True,-5.88,True
2026-02-14 14:10:32.515039,-25.437210699999998,-49.2659886,936.6880493164062,1.6956896349535218,True,-14.45,True
2026-02-14 14:10:33.016847,-25.437210099999998,-49.2659881,936.800048828125,1.810203424316328,True,-19.68,True
2026-02-14 14:10:33.518319,-25.4372094,-49.265988199999995,936.8970336914062,1.9068164814418835,True,-10.64,True
2026-02-14 14:10:34.020603,-25.437209,-49.2659886,936.9730224609375,1.981143883346564,True,-12.36,True
2026-02-14 14:10:34.522320,-25.437208899999998,-49.2659893,937.0320434570312,2.0369127747843345,True,-20.85,True
2026-02-14 14:10:35.025067,-25.437209,-49.265989999999995,937.0740356445312,2.076992912208104,True,-12.47,True
2026-02-14 14:10:35.527199,-25.437209199999998,-49.2659905,937.113037109375,2.1154934659751246,True,-13.4,True
2026-02-14 14:10:36.029407,-25.4372094,-49.265990599999995,937.14501953125,2.146898160014526,True,-20.51,True
2026-02-14 14:10:36.530264,-25.437209799999998,-49.2659903,937.1650390625,2.1653628063772605,True,-27.03,True
2026-02-14 14:10:37.032572,-25.4372102,-49.265990099999996,937.1840209960938,2.184156576589913,True,-30.63,True
2026-02-14 14:10:37.534736,-25.437210399999998,-49.2659898,937.1900634765625,2.1906042530050716,True,-23.4,True
2026-02-14 14:10:38.036919,-25.4372105,-49.265989499999996,937.1990356445312,2.2003083903517346,True,-25.44,True
2026-02-14 14:10:38.539276,-25.4372102,-49.265989499999996,937.2080688476562,2.208752903654362,True,-26.86,True
2026-02-14 14:10:39.041283,-25.437209799999998,-49.265989499999996,937.2150268554688,2.215708763384882,True,-32.42,True
2026-02-14 14:10:39.543336,-25.4372096,-49.2659896,937.22705078125,2.2278551793322348,True,-24.27,True
2026-02-14 14:10:40.044403,-25.437209499999998,-49.2659899,937.2340698242188,2.234779209604866,True,-22.11,True
2026-02-14 14:10:40.546295,-25.437209499999998,-49.2659902,937.2410278320312,2.241802738304249,True,-19.26,True
2026-02-14 14:10:41.049093,-25.4372097,-49.2659902,937.2420654296875,2.242402072442038,True,-21.25,True
2026-02-14 14:10:41.551134,-25.4372099,-49.265989999999995,937.238037109375,2.238064533083771,True,-6.88,True
2026-02-14 14:10:42.052838,-25.4372102,-49.2659899,937.237060546875,2.2371929125730645,True,-18.12,True
2026-02-14 14:10:42.554925,-25.437210099999998,-49.2659899,937.2300415039062,2.2300917187278144,True,-19.69,True
2026-02-14 14:10:43.057016,-25.43721,-49.2659897,937.2290649414062,2.2292692593181602,True,-20.01,True
2026-02-14 14:10:43.559153,-25.4372099,-49.2659896,937.238037109375,2.2384262915417077,True,-17.29,True
2026-02-14 14:10:44.061202,-25.4372099,-49.265989499999996,937.2420654296875,2.2426570111694177,True,-23.52,True
2026-02-14 14:10:44.562767,-25.437209799999998,-49.2659897,937.2390747070312,2.2393877485815428,True,-18.23,True
2026-02-14 14:10:45.064508,-25.4372097,-49.2659898,937.2400512695312,2.2403882154676644,True,-18.58,True
2026-02-14 14:10:45.566584,-25.437209799999998,-49.2659899,937.2450561523438,2.2451880463895155,True,-23.94,True
2026-02-14 14:10:46.068390,-25.4372099,-49.265989999999995,937.2430419921875,2.2430693540888744,True,-18.64,True
2026-02-14 14:10:46.570782,-25.437209499999998,-49.265989,937.26904296875,2.271947671354334,True,-23.79,True
2026-02-14 14:10:47.072595,-25.437206399999997,-49.2659794,937.322021484375,2.5861373677881523,True,-23.55,True
2026-02-14 14:10:47.595523,-25.4372011,-49.2659589,937.2850341796875,3.99789511881805,True,-28.04,True
2026-02-14 14:10:48.098129,-25.4371933,-49.265931599999995,937.2660522460938,6.563373965796026,True,-34.73,True
2026-02-14 14:10:48.600240,-25.4371838,-49.2659011,937.27001953125,9.673175216170192,True,-38.6,True
2026-02-14 14:10:49.100590,-25.4371735,-49.265867199999995,937.2670288085938,13.195506556802238,True,-36.86,True
2026-02-14 14:10:49.604187,-25.4371627,-49.265831299999995,937.2570190429688,16.95495587938641,True,-40.58,True
2026-02-14 14:10:50.106361,-25.437152599999997,-49.265797799999994,937.2820434570312,20.482744251347203,True,-36.4,True
2026-02-14 14:10:50.606991,-25.437146199999997,-49.2657776,937.3350219726562,22.62808206678346,True,-40.93,True
2026-02-14 14:10:51.108963,-25.4371436,-49.2657709,937.237060546875,23.345213446156468,True,-31.42,True
2026-02-14 14:10:51.611523,-25.4371425,-49.2657689,937.2020263671875,23.570370392439127,True,-30.07,True
2026-02-14 14:10:52.114467,-25.4371419,-49.2657671,937.2150268554688,23.76357482625401,True,-38.12,True
2026-02-14 14:10:52.617280,-25.437141399999998,-49.2657652,937.22705078125,23.96266753654301,True,-31.32,True
2026-02-14 14:10:53.118366,-25.437140799999998,-49.265763199999995,937.2320556640625,24.174124110707925,True,-41.56,True
2026-02-14 14:10:53.620236,-25.437140499999998,-49.2657623,937.2310180664062,24.270034197570467,True,-46.0,True
2026-02-14 14:10:54.121832,-25.437140499999998,-49.2657623,937.2340698242188,24.27031492548464,True,-28.17,True
2026-02-14 14:10:54.623825,-25.4371406,-49.2657631,937.2360229492188,24.19102085640117,True,-44.68,True
2026-02-14 14:10:55.125695,-25.437140799999998,-49.2657641,937.2410278320312,24.08951402493585,True,-40.06,True
2026-02-14 14:10:55.629411,-25.437141099999998,-49.2657649,937.238037109375,24.002727728420616,True,-38.81,True
2026-02-14 14:10:56.129534,-25.4371413,-49.2657653,937.2620239257812,23.95996720988014,True,-51.06,True
2026-02-14 14:10:56.632782,-25.4371416,-49.265765599999995,937.7960205078125,23.977333251041912,True,-37.95,True
2026-02-14 14:10:57.134287,-25.4371419,-49.2657661,938.591064453125,24.02538679338157,True,-33.22,True
2026-02-14 14:10:57.635946,-25.437141999999998,-49.2657666,939.27001953125,24.085802652819954,True,-48.78,True
2026-02-14 14:10:58.139385,-25.4371419,-49.265766899999996,940.0450439453125,24.210672901922738,True,-51.33,True
2026-02-14 14:10:58.640146,-25.437141699999998,-49.265766799999994,940.9580688476562,24.433368065071665,True,-47.1,True
2026-02-14 14:10:59.142125,-25.4371416,-49.2657666,941.83203125,24.68277666390509,True,-40.16,True
2026-02-14 14:10:59.643788,-25.4371416,-49.265766299999996,941.9430541992188,24.74118825613989,True,-55.78,True
2026-02-14 14:11:00.145592,-25.437141699999998,-49.265766199999995,941.8810424804688,24.72962301141617,True,-46.09,True
2026-02-14 14:11:00.649303,-25.4371419,-49.265766299999996,941.904052734375,24.72010606275436,True,-52.68,True
2026-02-14 14:11:01.149299,-25.437141999999998,-49.2657664,941.9130249023438,24.71007515879626,True,-44.15,True
2026-02-14 14:11:01.652987,-25.4371418,-49.2657664,941.9200439453125,24.718804605552588,True,-43.56,True
2026-02-14 14:11:02.154890,-25.4371416,-49.265766299999996,941.9170532226562,24.733904214883236,True,-53.39,True
2026-02-14 14:11:02.658071,-25.4371415,-49.2657664,941.9130249023438,24.727022340931743,True,-52.48,True
2026-02-14 14:11:03.158648,-25.437141399999998,-49.2657666,941.9180297851562,24.713524878253768,True,-48.51,True
2026-02-14 14:11:03.662571,-25.437141399999998,-49.2657667,941.9280395507812,24.70718093061221,True,-47.97,True
2026-02-14 14:11:04.162880,-25.4371413,-49.2657667,941.9280395507812,24.710591564909087,True,-39.57,True
2026-02-14 14:11:04.665949,-25.4371413,-49.265766799999994,941.9300537109375,24.702010674439734,True,-37.15,True
2026-02-14 14:11:05.168626,-25.4371413,-49.265766799999994,941.93505859375,24.70341525099416,True,-45.19,True
2026-02-14 14:11:05.671112,-25.4371415,-49.265766799999994,941.9410400390625,24.698276829045838,True,-32.67,True
2026-02-14 14:11:06.173053,-25.437141699999998,-49.2657665,941.9390258789062,24.718361892113794,True,-40.46,True
2026-02-14 14:11:06.674751,-25.4371418,-49.2657664,941.9340209960938,24.722721155587077,True,-39.61,True
2026-02-14 14:11:07.176401,-25.437141699999998,-49.2657665,941.9270629882812,24.715006272867374,True,-46.43,True
2026-02-14 14:11:07.679706,-25.437141699999998,-49.2657667,941.9310302734375,24.697815159698898,True,-46.74,True
2026-02-14 14:11:08.180495,-25.4371416,-49.265766799999994,941.9340209960938,24.69290248456254,True,-52.67,True
2026-02-14 14:11:08.683189,-25.4371416,-49.265767,941.9340209960938,24.674606520465478,True,-41.25,True
2026-02-14 14:11:09.185862,-25.4371416,-49.2657672,941.9340209960938,24.656313398742334,True,-51.23,True
2026-02-14 14:11:09.688012,-25.4371416,-49.2657672,941.9180297851562,24.651820986332226,True,-49.09,True
2026-02-14 14:11:10.188739,-25.4371416,-49.265767,941.9140625,24.669005213870847,True,-36.48,True
2026-02-14 14:11:10.691977,-25.4371419,-49.265766799999994,941.9190673828125,24.678524801802617,True,-41.36,True
2026-02-14 14:11:11.192970,-25.4371419,-49.2657667,941.9200439453125,24.687952891144157,True,-50.46,True
2026-02-14 14:11:11.695543,-25.4371418,-49.265766799999994,941.9190673828125,24.68191452797185,True,-47.36,True
2026-02-14 14:11:12.196598,-25.437141699999998,-49.265766899999996,941.9180297851562,24.6758666914075,True,-41.58,True
2026-02-14 14:11:12.698482,-25.4371418,-49.265766899999996,941.9120483398438,24.67079465073111,True,-34.84,True
2026-02-14 14:11:13.202208,-25.437141699999998,-49.265766799999994,941.9090576171875,24.68250496802188,True,-51.37,True
2026-02-14 14:11:13.703224,-25.4371416,-49.2657667,941.9140625,24.696456449420896,True,-33.49,True
2026-02-14 14:11:14.204797,-25.4371416,-49.2657666,942.2340698242188,24.79706866779738,True,-47.8,True
2026-02-14 14:11:14.707888,-25.437141699999998,-49.2657666,943.4750366210938,25.183752580120622,True,-56.69,True
2026-02-14 14:11:15.209939,-25.437141699999998,-49.2657667,944.9530639648438,25.710049426027492,True,-36.82,True
2026-02-14 14:11:15.711529,-25.437141699999998,-49.265766799999994,946.3570556640625,26.276873466414166,True,-46.12,True
2026-02-14 14:11:16.213619,-25.437141699999998,-49.265766899999996,947.7950439453125,26.921235619513652,True,-41.76,True
2026-02-14 14:11:16.716696,-25.437141699999998,-49.265766899999996,949.2330322265625,27.633659014561687,True,-45.51,True
2026-02-14 14:11:17.217848,-25.4371418,-49.265767,950.7060546875,28.409525003262495,True,-43.15,True
2026-02-14 14:11:17.720032,-25.4371418,-49.265767,952.1630249023438,29.24022073842528,True,-44.16,True
2026-02-14 14:11:18.221347,-25.4371418,-49.265766899999996,953.655029296875,30.147683939710266,True,-55.87,True
2026-02-14 14:11:18.724553,-25.437141699999998,-49.265766799999994,955.1260375976562,31.089379649700284,True,-48.28,True
2026-02-14 14:11:19.225648,-25.4371416,-49.265766799999994,956.623046875,32.08140014606014,True,-43.03,True
2026-02-14 14:11:19.707531,-25.4371416,-49.265766799999994,958.0990600585938,33.094210742414944,True,-42.99,True
2026-02-14 14:11:20.209644,-25.4371415,-49.265766899999996,959.6080322265625,34.16038541831999,True,-51.35,True
2026-02-14 14:11:20.711474,-25.4371416,-49.265767,961.0940551757812,35.23715311123641,True,-53.53,True
2026-02-14 14:11:21.213030,-25.4371416,-49.265767,962.3290405273438,36.16121967798971,True,-43.78,True
2026-02-14 14:11:21.714917,-25.4371418,-49.2657671,962.7300415039062,36.4544360015771,True,-40.13,True
2026-02-14 14:11:22.217563,-25.4371419,-49.2657672,962.6680297851562,36.398793134936966,True,-50.24,True
2026-02-14 14:11:22.719890,-25.437141999999998,-49.2657672,962.7010498046875,36.42160566633134,True,-45.7,True
2026-02-14 14:11:23.221481,-25.437141999999998,-49.2657672,962.7300415039062,36.44366067403311,True,-44.74,True
2026-02-14 14:11:23.723774,-25.4371418,-49.2657671,962.7390747070312,36.461307832087904,True,-47.76,True
2026-02-14 14:11:24.225159,-25.4371416,-49.265767,962.7410278320312,36.47357966772411,True,-36.95,True
2026-02-14 14:11:24.728035,-25.4371415,-49.265766899999996,962.7350463867188,36.47752397156395,True,-48.41,True
2026-02-14 14:11:25.229185,-25.4371416,-49.265766899999996,962.7310180664062,36.472157382687584,True,-38.59,True
2026-02-14 14:11:25.731508,-25.437141699999998,-49.265766799999994,962.72802734375,36.47377560774554,True,-44.49,True
2026-02-14 14:11:26.233465,-25.4371419,-49.2657667,962.718017578125,36.46777123877217,True,-48.57,True
2026-02-14 14:11:26.734932,-25.4371421,-49.2657667,962.7120361328125,36.4586462370022,True,-45.35,True
2026-02-14 14:11:27.237562,-25.4371422,-49.2657667,962.7100219726562,36.454830598060624,True,-54.38,True
2026-02-14 14:11:27.739493,-25.4371419,-49.265767499999995,962.7230224609375,36.42205565023052,True,-49.89,True
2026-02-14 14:11:28.241755,-25.437141,-49.265773499999995,962.7550659179688,36.099846634049,True,-43.67,True
2026-02-14 14:11:28.743565,-25.43714,-49.2657873,962.7560424804688,35.304502170621475,True,-46.23,True
2026-02-14 14:11:29.246038,-25.437138899999997,-49.265808199999995,962.7390747070312,34.1472678623055,True,-58.06,True
2026-02-14 14:11:29.747473,-25.437137099999998,-49.2658323,962.7130737304688,32.938785660733295,True,-47.52,True
2026-02-14 14:11:30.249285,-25.437134,-49.265856,962.7110595703125,31.945993758801812,True,-46.21,True
2026-02-14 14:11:30.751307,-25.4371305,-49.2658784,962.7100219726562,31.168703853242164,True,-49.6,True
2026-02-14 14:11:31.253511,-25.4371272,-49.2659015,962.7140502929688,30.520519721387565,True,-43.39,True
2026-02-14 14:11:31.755476,-25.4371245,-49.265924899999995,962.716064453125,30.013554192508284,True,-42.62,True
2026-02-14 14:11:32.256905,-25.4371218,-49.265949299999996,962.7080688476562,29.664777500442657,True,-47.26,True
2026-02-14 14:11:32.759210,-25.437119,-49.2659735,962.695068359375,29.519956984493323,True,-35.32,True
2026-02-14 14:11:33.261137,-25.437116,-49.2659983,962.697021484375,29.602209599550154,True,-45.09,True
2026-02-14 14:11:33.763170,-25.4371132,-49.2660226,962.7040405273438,29.88807757356082,True,-41.52,True
2026-02-14 14:11:34.264553,-25.4371102,-49.2660474,962.70703125,30.38575316246875,True,-53.7,True
2026-02-14 14:11:34.766372,-25.4371071,-49.2660718,962.70703125,31.07064013590618,True,-50.44,True
2026-02-14 14:11:35.268577,-25.4371042,-49.2660967,962.7020263671875,31.938113593224543,True,-66.34,True
2026-02-14 14:11:35.770389,-25.4371014,-49.266121299999995,962.6990356445312,32.96217959817693,True,-53.68,True
2026-02-14 14:11:36.272328,-25.4370987,-49.2661464,962.6980590820312,34.15887421477465,True,-45.35,True
2026-02-14 14:11:36.774409,-25.437096,-49.266171,962.695068359375,35.470242729874585,True,-59.33,True
2026-02-14 14:11:37.276486,-25.4370934,-49.266196,962.7020263671875,36.92976734719967,True,-44.04,True
2026-02-14 14:11:37.778647,-25.4370908,-49.266220499999996,962.7040405273438,38.466681909075355,True,-58.83,True
2026-02-14 14:11:38.281088,-25.437088,-49.2662452,962.6980590820312,40.113196612979976,True,-47.78,True
2026-02-14 14:11:38.820278,-25.4370853,-49.266269699999995,962.696044921875,41.830306952888826,True,-37.92,True
2026-02-14 14:11:39.319392,-25.437082399999998,-49.266294599999995,962.6910400390625,43.65473022724075,True,-45.37,True
2026-02-14 14:11:39.821435,-25.4370796,-49.266318999999996,962.6920166015625,45.50969225963655,True,-62.39,True
2026-02-14 14:11:40.322127,-25.437076899999997,-49.266343899999995,962.7020263671875,47.460781793755054,True,-53.16,True
2026-02-14 14:11:40.824599,-25.4370741,-49.2663684,962.7060546875,49.432639964215085,True,-53.84,True
2026-02-14 14:11:41.325349,-25.4370713,-49.2663935,962.7060546875,51.49430134483416,True,-52.59,True
2026-02-14 14:11:41.827423,-25.437068399999998,-49.266418099999996,962.7020263671875,53.558143108198976,True,-51.73,True
2026-02-14 14:11:42.330520,-25.4370656,-49.2664431,962.695068359375,55.68566377059517,True,-57.6,True
2026-02-14 14:11:42.829263,-25.437063,-49.266467399999996,962.6930541992188,57.78354186853325,True,-49.96,True
2026-02-14 14:11:43.331891,-25.4370603,-49.266492199999995,962.7010498046875,59.95918338343111,True,-60.06,True
2026-02-14 14:11:43.834177,-25.4370576,-49.2665167,962.7000732421875,62.13052570239156,True,-48.82,True
2026-02-14 14:11:44.335566,-25.4370548,-49.2665418,962.6980590820312,64.37897334711025,True,-58.03,True
2026-02-14 14:11:44.835499,-25.437051999999998,-49.2665663,962.695068359375,66.59572469491518,True,-50.32,True
2026-02-14 14:11:45.340842,-25.4370492,-49.2665912,962.6900634765625,68.86528070683227,True,-59.73,True
2026-02-14 14:11:45.840924,-25.437046499999997,-49.266615699999996,962.6880493164062,71.11471406223151,True,-67.25,True
2026-02-14 14:11:46.343213,-25.437043799999998,-49.266640699999996,962.6940307617188,73.42706691372257,True,-48.05,True
2026-02-14 14:11:46.844161,-25.437040999999997,-49.2666652,962.7000732421875,75.71114997505791,True,-60.68,True
2026-02-14 14:11:47.346387,-25.4370381,-49.2666901,962.7010498046875,78.04469198384655,True,-51.91,True
2026-02-14 14:11:47.849141,-25.4370354,-49.266714699999994,962.6980590820312,80.35575484190346,True,-60.29,True
2026-02-14 14:11:48.350858,-25.4370326,-49.266739699999995,962.6980590820312,82.71771080493187,True,-61.36,True
2026-02-14 14:11:48.852100,-25.43703,-49.266764099999996,962.6980590820312,85.02909086435918,True,-57.3,True
2026-02-14 14:11:49.353359,-25.437027399999998,-49.266788899999995,962.7010498046875,87.38720399842717,True,-59.21,True
2026-02-14 14:11:49.855445,-25.4370247,-49.266813199999994,962.7050170898438,89.71003922241815,True,-68.59,True
2026-02-14 14:11:50.356499,-25.437022,-49.2668381,962.6990356445312,92.09308778557725,True,-54.71,True
2026-02-14 14:11:50.858395,-25.4370191,-49.2668627,962.6880493164062,94.45883396769251,True,-56.42,True
2026-02-14 14:11:51.359620,-25.4370162,-49.2668876,962.6910400390625,96.86323648710199,True,-70.28,True
2026-02-14 14:11:51.862194,-25.4370133,-49.266912,962.6990356445312,99.22802968991786,True,-55.99,True
2026-02-14 14:11:52.363450,-25.4370104,-49.2669369,962.7020263671875,101.64388601749808,True,-56.4,True
2026-02-14 14:11:52.865294,-25.437007599999998,-49.2669615,962.7010498046875,104.03315307468317,True,-73.17,True
2026-02-14 14:11:53.367201,-25.437004899999998,-49.266986499999994,962.695068359375,106.46146296071926,True,-65.69,True
2026-02-14 14:11:53.868984,-25.4370023,-49.2670111,962.695068359375,108.85573798319574,True,-49.04,True
2026-02-14 14:11:54.369473,-25.4369996,-49.267035899999996,962.6910400390625,111.27463169840865,True,-68.37,True
2026-02-14 14:11:54.872270,-25.436996999999998,-49.2670605,962.6940307617188,113.67794874417208,True,-68.12,True
2026-02-14 14:11:55.374285,-25.4369941,-49.2670853,962.6990356445312,116.11140843391114,True,-59.77,True
2026-02-14 14:11:55.875465,-25.4369914,-49.2671099,962.697021484375,118.52300112151423,True,-57.83,True
2026-02-14 14:11:56.377628,-25.4369885,-49.267134999999996,962.7010498046875,120.99166026293302,True,-63.66,True
2026-02-14 14:11:56.878949,-25.436985699999997,-49.2671596,962.7020263671875,123.41256489184879,True,-68.95,True
2026-02-14 14:11:57.381561,-25.4369829,-49.2671844,962.7020263671875,125.8553302828625,True,-68.46,True
2026-02-14 14:11:57.883635,-25.436980199999997,-49.2672087,962.7050170898438,128.2512132327364,True,-59.27,True
2026-02-14 14:11:58.383117,-25.4369774,-49.267233499999996,962.7050170898438,130.69928841203858,True,-69.29,True
2026-02-14 14:11:58.886056,-25.4369746,-49.267258,962.7020263671875,133.1202836782876,True,-67.07,True
2026-02-14 14:11:59.388928,-25.436971699999997,-49.2672829,962.7010498046875,135.58474375697813,True,-54.66,True
2026-02-14 14:11:59.889407,-25.4369688,-49.2673074,962.7000732421875,138.01276763247606,True,-71.73,True
2026-02-14 14:12:00.391422,-25.4369661,-49.2673324,962.697021484375,140.4864897668212,True,-65.08,True
2026-02-14 14:12:00.891754,-25.4369636,-49.267357,962.7040405273438,142.92127723811305,True,-66.32,True
2026-02-14 14:12:01.393917,-25.436961,-49.267382,962.7050170898438,145.3976571976614,True,-68.36,True
2026-02-14 14:12:01.896806,-25.4369583,-49.2674065,962.7000732421875,147.82839382786392,True,-57.28,True
2026-02-14 14:12:02.397319,-25.4369554,-49.2674314,962.695068359375,150.30380878328157,True,-67.48,True
2026-02-14 14:12:02.901178,-25.436952599999998,-49.267455899999995,962.695068359375,152.74084939893677,True,-57.49,True
2026-02-14 14:12:03.402497,-25.4369497,-49.267480899999995,962.6990356445312,155.2307591718091,True,-65.07,True
2026-02-14 14:12:03.903487,-25.4369467,-49.2675055,962.7020263671875,157.68509069836622,True,-62.87,True
2026-02-14 14:12:04.406453,-25.436943799999998,-49.267530199999996,962.7080688476562,160.14896588233356,True,-62.76,True
2026-02-14 14:12:04.907406,-25.436941299999997,-49.267554499999996,962.7060546875,162.56566150386112,True,-71.23,True
2026-02-14 14:12:05.409331,-25.4369387,-49.2675793,962.7000732421875,165.03373430730326,True,-64.5,True
2026-02-14 14:12:05.911182,-25.436936,-49.267603799999996,962.7020263671875,167.47716185056504,True,-73.12,True
2026-02-14 14:12:06.413252,-25.436933099999997,-49.267628699999996,962.7090454101562,169.96559296057703,True,-61.85,True
2026-02-14 14:12:06.914685,-25.4369303,-49.2676533,962.7110595703125,172.42301772507855,True,-68.02,True
2026-02-14 14:12:07.416717,-25.4369275,-49.2676783,962.7140502929688,174.92071561075616,True,-64.06,True
2026-02-14 14:12:07.918819,-25.4369247,-49.267702899999996,962.7130737304688,177.37973292376762,True,-70.52,True
2026-02-14 14:12:08.421787,-25.436921899999998,-49.2677279,962.7110595703125,179.87867571932375,True,-59.47,True
2026-02-14 14:12:08.923596,-25.4369192,-49.2677524,962.7050170898438,182.32710375924864,True,-64.46,True
2026-02-14 14:12:09.424106,-25.436916399999998,-49.2677773,962.7060546875,184.81861569050642,True,-72.65,True
2026-02-14 14:12:09.926678,-25.436913699999998,-49.2678017,962.7110595703125,187.2606865559856,True,-66.89,True
2026-02-14 14:12:10.429264,-25.4369108,-49.2678265,962.7130737304688,189.74617564438705,True,-78.83,True
2026-02-14 14:12:10.931737,-25.4369081,-49.267851199999996,962.7090454101562,192.21791970372115,True,-61.05,True
2026-02-14 14:12:11.433397,-25.4369053,-49.267876099999995,962.7050170898438,194.71198893349447,True,-63.01,True
2026-02-14 14:12:11.934376,-25.4369026,-49.2679006,962.7080688476562,197.1666742105683,True,-77.84,True
2026-02-14 14:12:12.437365,-25.436899699999998,-49.2679255,962.7050170898438,199.6642712758866,True,-72.91,True
2026-02-14 14:12:12.938650,-25.4368968,-49.2679501,962.7030639648438,202.1332701459312,True,-62.63,True
2026-02-14 14:12:13.440716,-25.436894,-49.267975,962.7090454101562,204.63154831572677,True,-60.42,True
2026-02-14 14:12:13.943658,-25.4368913,-49.267999499999995,962.7090454101562,207.08848020674586,True,-71.43,True
2026-02-14 14:12:14.444829,-25.4368886,-49.268024499999996,962.7100219726562,209.59527655611197,True,-71.25,True
2026-02-14 14:12:14.946148,-25.436885999999998,-49.268049,962.716064453125,212.05233972208848,True,-72.04,True
2026-02-14 14:12:15.448270,-25.436883299999998,-49.268073799999996,962.7120361328125,214.54002822182923,True,-73.0,True
2026-02-14 14:12:15.949614,-25.4368806,-49.2680983,962.7110595703125,216.9991859347365,True,-74.9,True
2026-02-14 14:12:16.452454,-25.436877799999998,-49.268122899999995,962.7080688476562,219.47031865285115,True,-70.09,True
2026-02-14 14:12:16.953269,-25.436875,-49.268147299999995,962.7100219726562,221.922908131938,True,-68.58,True
2026-02-14 14:12:17.456391,-25.4368721,-49.268172199999995,962.718017578125,224.42777594772707,True,-66.98,True
2026-02-14 14:12:17.960365,-25.4368692,-49.268197,962.7190551757812,226.9224094861005,True,-67.14,True
2026-02-14 14:12:18.460649,-25.4368664,-49.268221999999994,962.7130737304688,229.43450682875738,True,-58.95,True
2026-02-14 14:12:18.961311,-25.4368637,-49.2682466,962.7100219726562,231.90620670112875,True,-73.95,True
2026-02-14 14:12:19.464440,-25.436861,-49.268271399999996,962.7080688476562,234.3981878761185,True,-65.93,True
2026-02-14 14:12:19.965807,-25.436858299999997,-49.2682958,962.7090454101562,236.85153969571581,True,-58.88,True
2026-02-14 14:12:20.469513,-25.4368554,-49.268320599999996,962.7120361328125,239.34858658975818,True,-74.3,True
2026-02-14 14:12:20.969630,-25.436852599999998,-49.2683451,962.7110595703125,241.81417662188773,True,-68.96,True
2026-02-14 14:12:21.472582,-25.4368497,-49.26837,962.716064453125,244.3220721677481,True,-64.34,True
2026-02-14 14:12:21.972594,-25.436847,-49.2683946,962.7140502929688,246.7963438873582,True,-62.17,True
2026-02-14 14:12:22.476594,-25.436844299999997,-49.268419599999994,962.7090454101562,249.31010853782334,True,-67.38,True
2026-02-14 14:12:22.975958,-25.4368417,-49.2684442,962.7060546875,251.78321942112748,True,-67.54,True
2026-02-14 14:12:23.480009,-25.4368391,-49.2684691,962.6990356445312,254.2858550787105,True,-67.22,True
2026-02-14 14:12:23.980479,-25.4368365,-49.2684936,962.696044921875,256.74981805892384,True,-56.39,True
2026-02-14 14:12:24.484335,-25.4368336,-49.2685185,962.7020263671875,259.25990668681413,True,-61.46,True
2026-02-14 14:12:24.984830,-25.4368306,-49.268543,962.7080688476562,261.732588649344,True,-68.46,True
2026-02-14 14:12:25.487667,-25.436827599999997,-49.2685678,962.7130737304688,264.2350556106768,True,-70.17,True
2026-02-14 14:12:25.988440,-25.436824899999998,-49.2685922,962.7090454101562,266.69203598773214,True,-65.88,True
2026-02-14 14:12:26.492746,-25.436822199999998,-49.2686171,962.70703125,269.1989027891141,True,-61.29,True
2026-02-14 14:12:26.991740,-25.4368195,-49.268641699999996,962.7080688476562,271.6767401552629,True,-70.17,True
2026-02-14 14:12:27.496707,-25.4368166,-49.268666599999996,962.7090454101562,274.1880080098832,True,-60.52,True
2026-02-14 14:12:27.997537,-25.4368137,-49.2686911,962.7130737304688,276.6603152974487,True,-72.97,True
2026-02-14 14:12:28.499420,-25.4368108,-49.2687159,962.7140502929688,279.1622063926651,True,-67.8,True
2026-02-14 14:12:29.000662,-25.436808199999998,-49.2687404,962.7100219726562,281.6289398180946,True,-75.77,True
2026-02-14 14:12:29.504071,-25.4368056,-49.2687655,962.70703125,284.1553499400266,True,-71.85,True
2026-02-14 14:12:30.004787,-25.4368029,-49.2687901,962.7080688476562,286.6347232016222,False,-108.8,True
2026-02-14 14:12:30.507827,-25.4368001,-49.268814899999995,962.7030639648438,289.1352678076032,False,-113.86,True
2026-02-14 14:12:31.011041,-25.4367974,-49.268839299999996,962.7060546875,291.5955101756995,False,-114.76,True
2026-02-14 14:12:31.512306,-25.4367946,-49.268864199999996,962.7080688476562,294.10706354145685,False,-115.95,True
2026-02-14 14:12:32.014308,-25.436791799999998,-49.2688887,962.7030639648438,296.5786061620374,False,-111.3,True
2026-02-14 14:12:32.516840,-25.436788999999997,-49.2689132,962.6990356445312,299.0504503674578,False,-106.6,True
2026-02-14 14:12:33.018016,-25.4367865,-49.268934599999994,962.7010498046875,301.21114389700966,False,-100.54,True
2026-02-14 14:12:33.520900,-25.4367841,-49.268951799999996,962.7020263671875,302.9545602178887,False,-111.16,True
2026-02-14 14:12:34.021847,-25.436781999999997,-49.2689652,962.70703125,304.3172219971166,False,-116.06,True
2026-02-14 14:12:34.524108,-25.4367806,-49.268975999999995,962.7110595703125,305.41047024343476,False,-118.04,True
2026-02-14 14:12:35.026560,-25.436779899999998,-49.268984599999996,962.7090454101562,306.2734144483737,False,-117.59,True
2026-02-14 14:12:35.527668,-25.436779299999998,-49.268991199999995,962.7040405273438,306.9364651715392,False,-116.47,True
2026-02-14 14:12:36.029522,-25.4367791,-49.2689959,962.697021484375,307.4044255152792,False,-114.38,True
2026-02-14 14:12:36.531497,-25.4367791,-49.268999099999995,962.696044921875,307.72104740294975,False,-110.59,True
2026-02-14 14:12:37.032867,-25.4367789,-49.2690014,962.7000732421875,307.95248816746556,False,-116.0,True
2026-02-14 14:12:37.535465,-25.436778699999998,-49.2690029,962.7020263671875,308.10456343678953,False,-116.63,True
2026-02-14 14:12:38.038407,-25.4367788,-49.2690038,962.70703125,308.1923736941592,False,-108.72,True
2026-02-14 14:12:38.541223,-25.4367789,-49.2690043,962.7120361328125,308.2405949435955,False,-108.71,True
2026-02-14 14:12:39.043369,-25.436778699999998,-49.269004699999996,962.718017578125,308.28415820707994,False,-100.32,True
2026-02-14 14:12:39.543808,-25.436778399999998,-49.269004699999996,962.7190551757812,308.2894058999182,False,-110.92,True
